run,label,step,raw_rollouts,retained_rollouts,aborted_rollouts_estimate,overlong_masked,reward/avg_score,reward/raw_environment_reward,reward/mixed_reward,reward/avg_num_turns,reward/response_tokens,reward/generated_tokens,reward/overlong_rate,reward/response_at_limit,reward/generated_at_limit,reward/response_length_overflow,reward/generated_length_overflow,response/aborted_ratio,response_length/mean,response_length/max,response_length/clip_ratio,response_length_non_aborted/clip_ratio,num_turns/mean,actor/pg_loss,actor/grad_norm,rollout_corr/k3_kl,trace/credit_mask_tokens,trace/k_step_credit_count,perf/throughput,timing_s/step
trace_foldgrpo,Trace+FoldGRPO,21,12,9.0,3.0,0,0.25,0.3333333333333333,0.08333333333333333,26.25,14433.25,1402.6666666666667,0.0,0.0,0.0,0.0,0.0,0.25,12540.0,29850.0,0.0,0.0,11.833333333333334,-0.014905710782234868,0.5546875,0.022298797237453982,16832,47,404.05859432667927,241.70256831869483
trace_foldgrpo,Trace+FoldGRPO,22,12,10.0,2.0,0,0.25,0.5833333333333334,0.4166666666666667,39.0,15985.5,1679.0833333333333,0.0,0.0,0.0,0.0,0.0,0.1666666716337204,13607.3330078125,27857.0,0.0,0.0,15.5,-0.05559905478730798,1.21484375,0.07128191774730415,20149,65,814.4950522822239,130.81601871177554
trace_foldgrpo,Trace+FoldGRPO,23,12,12.0,0,0,0.0,0.0,0.0,38.0,12982.166666666666,1236.4166666666667,0.0,0.0,0.0,0.0,0.0,0.0,12982.1669921875,30963.0,0.0,0.0,12.666666666666666,-0.0005280468758428469,0.138916015625,0.0014111624671689544,14837,46,926.6685470516471,116.55839657410979
trace_foldgrpo,Trace+FoldGRPO,24,12,11.0,1.0,0,0.0,0.0,0.0,40.75,18759.75,1526.75,0.0,0.0,0.0,0.0,0.0,0.0833333358168602,17732.833984375,30281.0,0.0,0.0,14.333333333333334,-0.009924254389867807,1.056640625,7.664769308704611,18321,56,958.7355819209828,139.3105695862323
trace_foldgrpo,Trace+FoldGRPO,25,16,14.0,2.0,0,0.25,0.3125,0.3125,56.5,14840.6875,1104.75,0.0,0.0,0.0,0.0,0.0,0.125,14438.9375,30271.0,0.0,0.0,15.25,-0.027361964079318568,1.57421875,0.03529820203220879,17676,82,945.548666008689,159.4666730761528
trace_foldgrpo,Trace+FoldGRPO,26,8,5.0,3.0,0,0.75,0.75,0.375,11.25,8708.875,745.25,0.0,0.0,0.0,0.0,0.0,0.375,5488.375,11048.0,0.0,0.0,9.25,0.0027325814589858055,1.515625,0.006231352803297341,5962,32,892.9090924699028,38.362247947603464
trace_foldgrpo,Trace+FoldGRPO,27,8,6.0,2.0,0,0.75,0.625,0.625,13.5,10405.75,1564.375,0.0,0.0,0.0,0.0,0.0,0.25,7560.25,12759.0,0.0,0.0,9.25,0.0011456379143055528,1.7734375,0.24710274708922952,12515,31,924.9954074448528,48.8067288082093
trace_foldgrpo,Trace+FoldGRPO,28,12,11.0,1.0,0,0.0,0.0,0.0,145.25,19590.666666666668,2156.6666666666665,0.0,0.0,0.0,0.0,0.0,0.0833333358168602,18193.666015625,30675.0,0.0,0.0,49.166666666666664,-0.020197555032306507,0.580078125,0.007590559030177246,25880,260,594.9109055755993,230.3143188599497
trace_foldgrpo,Trace+FoldGRPO,29,8,7.0,1.0,0,0.0,0.0,0.0,24.25,15289.625,1079.875,0.0,0.0,0.0,0.0,0.0,0.125,13702.5,28695.0,0.0,0.0,13.0,-0.018122517809388228,1.046875,0.006509915232527419,8639,43,967.1039545436421,74.75876782462001
trace_foldgrpo,Trace+FoldGRPO,30,8,7.0,1.0,0,0.5,0.5,0.375,15.75,11180.625,1010.25,0.0,0.0,0.0,0.0,0.0,0.125,9349.25,14651.0,0.0,0.0,8.75,-0.027470046828966588,1.3828125,0.189162518363446,8082,28,1021.5435260704648,53.653122555464506
trace_foldgrpo,Trace+FoldGRPO,31,8,7.0,1.0,0,0.25,0.25,0.25,16.25,11229.125,1288.125,0.0,0.0,0.0,0.0,0.0,0.125,10295.25,25655.0,0.0,0.0,9.25,-0.049129025494039524,1.890625,0.01265507485368289,10305,29,974.2464192224684,60.251696944236755
trace_foldgrpo,Trace+FoldGRPO,32,12,9.0,3.0,0,0.5,0.5833333333333334,0.3333333333333333,25.75,14086.666666666666,2053.5833333333335,0.0,0.0,0.0,0.0,0.0,0.25,10216.1669921875,27949.0,0.0,0.0,12.5,-0.023268394308009494,3.48828125,1.9494652345432162,24643,56,816.1371201154801,102.34248380735517
trace_foldgrpo,Trace+FoldGRPO,33,8,5.0,3.0,0,0.0,0.0,0.0,10.75,11076.25,851.125,0.0,0.0,0.0,0.0,0.0,0.375,8191.375,25936.0,0.0,0.0,8.25,-0.016077929161838256,0.890625,0.016348824225133285,6809,27,936.7012115937711,48.1818529125303
trace_foldgrpo,Trace+FoldGRPO,34,12,9.0,3.0,0,0.0,0.0,0.0,29.75,17204.833333333332,2029.5833333333333,0.0,0.0,0.0,0.0,0.0,0.25,13380.3330078125,31374.0,0.0,0.0,13.833333333333334,-0.006790849516013016,0.21533203125,1.1196324647850513,24355,61,885.2979326328132,116.30886756256223
trace_foldgrpo,Trace+FoldGRPO,35,12,9.0,3.0,0,0.0,0.0,0.0,32.75,17222.166666666668,2479.9166666666665,0.0,0.0,0.0,0.0,0.0,0.25,13852.6669921875,30690.0,0.0,0.0,14.833333333333334,-0.009899016081665954,0.29638671875,0.1656630504100273,29759,63,873.2275286617808,120.74802561663091
trace_foldgrpo,Trace+FoldGRPO,36,8,6.0,2.0,0,0.25,0.125,0.125,15.5,16128.125,1476.625,0.0,0.0,0.0,0.0,0.0,0.25,13265.625,30158.0,0.0,0.0,10.5,0.010754813105450012,1.4140625,0.007965964156028349,11813,33,838.2706393354434,81.23689033649862
trace_foldgrpo,Trace+FoldGRPO,37,12,11.0,1.0,0,0.75,0.75,0.75,36.75,17530.0,1067.6666666666667,0.0,0.0,0.0,0.0,0.0,0.0833333358168602,16645.416015625,30362.0,0.0,0.0,13.0,0.00041422423813249526,1.15625,0.029195742109247174,12812,55,923.4047149638272,137.94330691173673
trace_foldgrpo,Trace+FoldGRPO,38,8,5.0,3.0,0,0.5,0.625,0.25,9.75,16723.75,1489.875,0.0,0.0,0.0,0.0,0.0,0.375,9983.125,22553.0,0.0,0.0,7.5,-0.03299182956106961,0.671875,0.11597196225193329,11919,25,970.5253798222942,53.8749434966594
trace_foldgrpo,Trace+FoldGRPO,39,8,8.0,0,0,0.5,0.625,0.625,17.5,11265.875,801.5,0.0,0.0,0.0,0.0,0.0,0.0,11265.875,24292.0,0.0,0.0,8.75,-0.028536477650050074,0.83203125,0.0024170115357264876,6412,25,1125.042871388161,57.60802690126002
trace_foldgrpo,Trace+FoldGRPO,40,12,9.0,3.0,0,0.0,0.0,0.0,27.25,17985.25,1675.8333333333333,0.0,0.0,0.0,0.0,0.0,0.25,15156.5,31984.0,0.0,0.0,12.333333333333334,-0.005127588221512269,0.578125,0.06748530561647688,20110,57,902.1933489185932,125.60666750185192
trace_foldgrpo,Trace+FoldGRPO,41,8,8.0,0,0,0.5,0.625,0.625,20.0,12387.125,751.875,0.0,0.0,0.0,0.0,0.0,0.0,12387.125,24948.0,0.0,0.0,10.0,0.000705176658811979,0.8515625,0.0016676078921591397,6015,30,1077.9437521692792,64.24082876369357
trace_foldgrpo,Trace+FoldGRPO,42,8,8.0,0,0,0.5,0.5,0.5,20.5,14656.875,1216.875,0.0,0.0,0.0,0.0,0.0,0.0,14656.875,29359.0,0.0,0.0,10.25,-0.026497083745198324,0.91796875,0.0030940732976887375,9735,30,993.96201932054,78.98239417001605
trace_foldgrpo,Trace+FoldGRPO,43,12,10.0,2.0,0,0.0,0.0,0.0,36.0,15731.0,1619.8333333333333,0.0,0.0,0.0,0.0,0.0,0.1666666716337204,14384.5,30344.0,0.0,0.0,13.5,-0.003166850515602467,0.1612548828125,14.710012454961543,19438,59,928.5014119276663,119.98904747888446
trace_foldgrpo,Trace+FoldGRPO,44,16,14.0,2.0,0,0.5,0.5625,0.4375,62.5,18407.875,1328.0,0.0,0.0,0.0,0.0,0.0,0.125,17988.625,31372.0,0.0,0.0,16.875,-0.041361236333614215,0.87890625,0.07419390090217348,21248,90,957.2790096583631,186.948108330369
trace_foldgrpo,Trace+FoldGRPO,45,8,6.0,2.0,0,0.25,0.5,0.25,15.5,12235.875,1680.5,0.0,0.0,0.0,0.0,0.0,0.25,9494.125,27402.0,0.0,0.0,9.75,-0.0472757459647255,1.0078125,0.05824206504621543,13444,32,834.57588532968,63.22372947447002
trace_foldgrpo,Trace+FoldGRPO,46,8,6.0,2.0,0,0.0,0.0,0.0,14.0,14653.25,1041.125,0.0,0.0,0.0,0.0,0.0,0.25,11251.0,27893.0,0.0,0.0,9.0,-0.0270541999489069,0.99609375,0.019230998354032636,8329,29,1119.433394403586,53.54851865209639
trace_foldgrpo,Trace+FoldGRPO,47,8,6.0,2.0,0,0.0,0.0,0.0,14.0,13526.5,1239.5,0.0,0.0,0.0,0.0,0.0,0.25,11030.0,26582.0,0.0,0.0,9.75,-0.03212079028162407,0.96875,0.273211063380586,9916,31,1011.3107830735893,58.33271135576069
trace_foldgrpo,Trace+FoldGRPO,48,8,5.0,3.0,0,0.25,0.125,0.125,11.25,13189.625,2048.125,0.0,0.0,0.0,0.0,0.0,0.375,9530.0,27849.0,0.0,0.0,8.75,-0.004517419718467863,0.373046875,0.9048352656682255,16385,29,824.7098499392107,61.25730158761144
trace_foldgrpo,Trace+FoldGRPO,49,16,13.0,3.0,0,0.0,0.0,0.0,56.25,18953.125,1842.375,0.0,0.0625,0.0,0.0,0.0,0.1875,16402.1875,32768.0,0.0625,0.07692307978868484,16.25,-0.02079453902251771,0.9208984375,3.9726604047773435,29478,82,924.8882249839689,176.72730129398406
trace_foldgrpo,Trace+FoldGRPO,50,12,9.0,3.0,0,0.0,0.0,0.0,26.75,16215.083333333334,1562.8333333333333,0.0,0.0,0.0,0.0,0.0,0.25,13105.8330078125,30623.0,0.0,0.0,12.666666666666666,-0.02778374539533009,0.794921875,0.15738303464604542,18754,55,923.2584112837494,109.55275225639343
trace_foldgrpo,Trace+FoldGRPO,51,12,9.0,3.0,0,0.5,0.5,0.5,33.75,19285.75,2314.6666666666665,0.0,0.0,0.0,0.0,0.0,0.25,16141.25,31483.0,0.0,0.0,15.0,-0.027551504404982552,0.5537109375,0.8238899894058704,27776,66,932.2066629811495,127.8707873839885
trace_foldgrpo,Trace+FoldGRPO,52,12,12.0,0,0,0.75,0.8333333333333334,0.8333333333333334,49.0,17520.75,882.8333333333334,0.0,0.0,0.0,0.0,0.0,0.0,17520.75,29618.0,0.0,0.0,16.333333333333332,-0.02563722615983958,1.5546875,0.0014308733310220607,10594,59,748.8669217715712,180.057358764112
trace_foldgrpo,Trace+FoldGRPO,53,8,7.0,1.0,0,1.0,1.0,0.875,21.75,17942.5,1359.625,0.0,0.0,0.0,0.0,0.0,0.125,16833.25,28986.0,0.0,0.0,11.75,-0.012164937186753377,0.71484375,0.036241522859199904,10877,36,1037.2132302520913,81.62641733698547
trace_foldgrpo,Trace+FoldGRPO,54,8,6.0,2.0,0,0.0,0.0,0.0,16.5,14571.125,1231.875,0.0,0.0,0.0,0.0,0.0,0.25,12064.625,24886.0,0.0,0.0,10.75,-0.02326331613585353,0.90234375,0.0156983205160941,9855,36,986.2728263698289,64.01220667548478
trace_foldgrpo,Trace+FoldGRPO,55,8,6.0,2.0,0,0.25,0.375,0.375,16.0,9639.375,955.625,0.0,0.0,0.0,0.0,0.0,0.25,8571.625,24257.0,0.0,0.0,10.0,-0.032909612520597875,2.078125,0.009556781616993248,7645,32,854.220715659515,57.51967740803957
trace_foldgrpo,Trace+FoldGRPO,56,8,7.0,1.0,0,0.25,0.125,0.125,19.75,18960.75,2097.125,0.0,0.0,0.0,0.0,0.0,0.125,17096.0,28753.0,0.0,0.0,11.0,0.012784868275048211,1.2734375,0.5267223116534296,16777,32,986.2143902246393,86.90301099792123
trace_foldgrpo,Trace+FoldGRPO,57,12,11.0,1.0,0,0.25,0.08333333333333333,0.08333333333333333,45.25,15890.583333333334,1520.25,0.0,0.0,0.0,0.0,0.0,0.0833333358168602,14964.4169921875,32337.0,0.0,0.0,17.333333333333332,0.005809321059738674,0.4736328125,0.05656674788307706,18243,58,656.8835063792936,178.0429845843464
trace_foldgrpo,Trace+FoldGRPO,58,8,6.0,2.0,0,0.5,0.5,0.25,12.0,10519.25,1204.375,0.0,0.0,0.0,0.0,0.0,0.25,7872.75,22475.0,0.0,0.0,8.25,-0.029004543786868453,1.2109375,0.15321721818327205,9635,26,965.6339854919554,47.99023304507136
trace_foldgrpo,Trace+FoldGRPO,59,8,7.0,1.0,0,0.0,0.0,0.0,19.75,13805.0,1254.75,0.0,0.0,0.0,0.0,0.0,0.125,12358.25,28827.0,0.0,0.0,11.0,-0.024035871087107807,1.109375,0.02034372375055682,10038,34,986.3057784043517,67.76194711960852
trace_foldgrpo,Trace+FoldGRPO,60,12,10.0,2.0,0,0.0,0.0,0.0,37.0,14703.333333333334,1595.0,0.0,0.0,0.0,0.0,0.0,0.1666666716337204,13850.1669921875,27461.0,0.0,0.0,14.333333333333334,-0.0008278289994147295,0.124267578125,1.4037839484759995,19140,59,899.3758863767504,120.21558687277138
trace_foldgrpo,Trace+FoldGRPO,61,8,5.0,3.0,0,0.0,0.0,0.0,9.25,12275.75,1366.125,0.0,0.0,0.0,0.0,0.0,0.375,7007.0,14050.0,0.0,0.0,7.25,-0.009361150878248736,0.875,0.7050312954379478,10929,24,887.5914205091049,45.62628599628806
trace_foldgrpo,Trace+FoldGRPO,62,8,8.0,0,0,0.25,0.125,0.125,29.5,16839.75,1653.125,0.0,0.0,0.0,0.0,0.0,0.0,16839.75,27927.0,0.0,0.0,14.75,-0.009676229648903245,0.69921875,0.0012155683798482642,13225,36,652.225518600988,133.61022762022913
trace_foldgrpo,Trace+FoldGRPO,63,12,10.0,2.0,0,0.5,0.5833333333333334,0.5833333333333334,38.0,15614.833333333334,1100.0833333333333,0.0,0.0,0.0,0.0,0.0,0.1666666716337204,13921.6669921875,30488.0,0.0,0.0,13.833333333333334,-0.018454221071806387,0.431640625,0.047029748408628315,13201,53,715.7894225409232,151.54736376926303
trace_foldgrpo,Trace+FoldGRPO,64,12,10.0,2.0,0,0.0,0.0,0.0,33.5,17527.083333333332,1291.5833333333333,0.0,0.0,0.0,0.0,0.0,0.1666666716337204,15817.75,30129.0,0.0,0.0,12.666666666666666,-0.009734727932179036,0.45703125,0.1819223466833743,15499,57,1037.2884145872615,115.65009144321084
trace_foldgrpo,Trace+FoldGRPO,65,8,7.0,1.0,0,0.5,0.625,0.5,21.75,14201.125,1465.875,0.0,0.0,0.0,0.0,0.0,0.125,12902.0,29713.0,0.0,0.0,11.75,-0.024852694128639996,0.490234375,0.05716907353780698,11727,35,887.1972439785036,77.72454261779785
trace_foldgrpo,Trace+FoldGRPO,66,12,12.0,0,0,0.25,0.25,0.25,45.5,19329.916666666668,1257.25,0.0,0.0,0.0,0.0,0.0,0.0,19329.916015625,30621.0,0.0,0.0,15.166666666666666,-0.007687761812121607,1.3984375,0.0020416221959749237,15087,59,934.3293005954613,156.24095263518393
trace_foldgrpo,Trace+FoldGRPO,67,12,9.0,3.0,0,0.75,0.9166666666666666,0.6666666666666666,50.0,25069.833333333332,1369.75,0.0,0.16666666666666666,0.0,0.0,0.0,0.25,17217.333984375,32768.0,0.1666666716337204,0.2222222238779068,21.666666666666668,-0.024149911672187347,0.572265625,0.7008004123539043,16437,91,809.3780825334143,155.08450588025153
trace_foldgrpo,Trace+FoldGRPO,68,8,7.0,1.0,0,0.25,0.375,0.375,21.75,13556.5,1095.25,0.0,0.125,0.0,0.0,0.0,0.125,12765.125,32768.0,0.125,0.1428571492433548,11.75,-0.022412586215068586,1.015625,0.009861192578682676,8762,35,845.7020872850609,80.9144272301346
trace_foldgrpo,Trace+FoldGRPO,69,8,5.0,3.0,0,0.25,0.125,0.125,9.25,11703.375,999.0,0.0,0.0,0.0,0.0,0.0,0.375,8248.5,18032.0,0.0,0.0,8.25,-0.00022303833975456655,1.125,0.009991797473048791,7992,28,897.45293226785,50.59652530774474
trace_foldgrpo,Trace+FoldGRPO,70,4,4.0,0,0,0.25,0.25,0.25,7.0,9915.25,1820.75,0.0,0.0,0.0,0.0,0.0,0.0,9915.25,12714.0,0.0,0.0,7.0,0.026030843961052597,0.3671875,0.0015088768559508026,7283,12,778.5456411809034,38.1833747792989
trace_foldgrpo,Trace+FoldGRPO,71,12,11.0,1.0,0,0.5,0.3333333333333333,0.3333333333333333,69.5,17611.166666666668,1080.5833333333333,0.0,0.0,0.0,0.0,0.0,0.0833333358168602,16973.5,29639.0,0.0,0.0,23.916666666666668,0.025784129878350843,1.544921875,0.052269340963296905,12967,122,640.4628159069576,201.6088940575719
trace_foldgrpo,Trace+FoldGRPO,72,8,6.0,2.0,0,0.0,0.0,0.0,13.0,12648.0,1827.375,0.0,0.0,0.0,0.0,0.0,0.25,10397.25,28590.0,0.0,0.0,8.75,-0.003273060732681188,0.609375,0.12462970514025073,14619,27,932.7823315089481,60.56236068345606
trace_foldgrpo,Trace+FoldGRPO,73,8,5.0,3.0,0,0.25,0.125,0.125,11.25,9964.0,1788.5,0.0,0.0,0.0,0.0,0.0,0.375,6476.5,12899.0,0.0,0.0,9.0,0.0014315118605736643,0.5703125,2.5635517858172534,14308,31,789.629104764073,48.42463350109756
trace_foldgrpo,Trace+FoldGRPO,74,8,6.0,2.0,0,0.0,0.0,0.0,15.0,11965.75,2111.625,0.0,0.0,0.0,0.0,0.0,0.25,9513.0,28232.0,0.0,0.0,9.5,-0.0030383878001885023,0.341796875,77.70568674105016,16893,30,810.6758079459798,65.26776731386781
trace_foldgrpo,Trace+FoldGRPO,75,8,8.0,0,0,0.0,0.0,0.0,19.5,14591.875,1134.75,0.0,0.0,0.0,0.0,0.0,0.0,14591.875,25789.0,0.0,0.0,9.75,-0.03372457536170259,1.0,0.0022109870915301144,9078,29,1110.9500912275655,70.39155099540949
trace_foldgrpo,Trace+FoldGRPO,76,8,5.0,3.0,0,0.0,0.0,0.0,11.75,11429.25,2146.5,0.0,0.0,0.0,0.0,0.0,0.375,8485.5,29041.0,0.0,0.0,9.25,-0.04455980728380382,0.80078125,1.1451873017140315,17172,31,732.3514417677764,63.25514958798885
trace_foldgrpo,Trace+FoldGRPO,77,16,15.0,1.0,0,0.0,0.0,0.0,69.75,20863.375,957.6875,0.0,0.1875,0.0,0.0,0.0,0.0625,20213.4375,32768.0,0.1875,0.20000000298023224,17.875,-0.002686832524886995,0.17724609375,0.00334946385009971,15323,75,802.3137477510948,248.15042813122272
trace_foldgrpo,Trace+FoldGRPO,78,12,9.0,3.0,0,0.25,0.16666666666666666,0.16666666666666666,24.25,18623.5,2071.1666666666665,0.0,0.0,0.0,0.0,0.0,0.25,13183.5,27053.0,0.0,0.0,11.5,-0.012139429512899369,1.40625,0.6459215433763651,24854,48,952.1586686076662,106.68547517247498
trace_foldgrpo,Trace+FoldGRPO,79,12,10.0,2.0,0,0.5,0.5833333333333334,0.5833333333333334,39.0,17493.416666666668,1225.6666666666667,0.0,0.0,0.0,0.0,0.0,0.1666666716337204,16543.75,32210.0,0.0,0.0,15.666666666666666,-0.03847183333709836,1.16015625,0.011874305346282199,14708,67,880.9974839103796,140.69222927838564
trace_foldgrpo,Trace+FoldGRPO,80,8,6.0,2.0,0,0.5,0.625,0.375,13.0,16983.875,2053.625,0.0,0.0,0.0,0.0,0.0,0.25,13993.875,31229.0,0.0,0.0,9.5,-0.027528284580512263,0.44140625,0.14999470729526365,16429,30,893.259915863084,79.76065950654447
trace_foldgrpo,Trace+FoldGRPO,81,8,8.0,0,0,0.75,0.75,0.75,21.0,12081.125,912.5,0.0,0.0,0.0,0.0,0.0,0.0,12081.125,28379.0,0.0,0.0,10.5,0.012564796663355082,2.1875,0.002550210127083119,7300,33,962.9994994764305,70.77002639882267
trace_foldgrpo,Trace+FoldGRPO,82,12,9.0,3.0,0,0.25,0.3333333333333333,0.3333333333333333,23.75,13280.083333333334,796.75,0.0,0.0,0.0,0.0,0.0,0.25,10398.0830078125,24439.0,0.0,0.0,10.666666666666666,-0.032751925817744144,1.65625,0.04893445877920991,9561,47,1101.3937359634956,76.8635204974562
trace_foldgrpo,Trace+FoldGRPO,83,8,6.0,2.0,0,0.0,0.0,0.0,16.0,13133.75,756.875,0.0,0.0,0.0,0.0,0.0,0.25,10155.0,28553.0,0.0,0.0,9.75,-0.01123381007982971,0.451171875,0.22618474319460802,6055,32,1019.5732362049494,54.32714201696217
trace_foldgrpo,Trace+FoldGRPO,84,8,6.0,2.0,0,0.0,0.0,0.0,15.5,13158.375,1631.125,0.0,0.0,0.0,0.0,0.0,0.25,11488.125,27719.0,0.0,0.0,11.25,-0.026409942045575008,0.546875,4.157166125614822,13049,34,834.0937968891056,72.9072680156678
trace_foldgrpo,Trace+FoldGRPO,85,12,9.0,3.0,0,0.5,0.6666666666666666,0.4166666666666667,28.25,18920.583333333332,969.9166666666666,0.0,0.0,0.0,0.0,0.0,0.25,11629.0830078125,29166.0,0.0,0.0,11.833333333333334,-0.037752703802349664,0.962890625,0.017042669089278206,11639,53,1122.9563015234328,81.97825674526393
trace_foldgrpo,Trace+FoldGRPO,86,8,6.0,2.0,0,0.25,0.125,0.125,13.5,13070.75,1144.0,0.0,0.0,0.0,0.0,0.0,0.25,11032.0,27667.0,0.0,0.0,10.0,-0.003779837628826499,1.25,0.11393882460833993,9152,32,988.7022384110239,59.69542467594147
trace_foldgrpo,Trace+FoldGRPO,87,16,13.0,3.0,0,0.0,0.0,0.0,56.75,16957.125,2074.5,0.0,0.0625,0.0,0.0,0.0,0.1875,15559.875,32768.0,0.0625,0.07692307978868484,17.25,-0.01247280511961435,0.3232421875,0.3417869152908679,33192,92,831.8621646564618,188.48495178855956
trace_foldgrpo,Trace+FoldGRPO,88,8,8.0,0,0,0.25,0.25,0.25,20.5,13724.125,829.875,0.0,0.0,0.0,0.0,0.0,0.0,13724.125,25655.0,0.0,0.0,10.25,-0.016686895512975752,1.828125,0.0025559053319739178,6639,31,1120.0209404235757,66.8795531373471
trace_foldgrpo,Trace+FoldGRPO,89,8,5.0,3.0,0,0.25,0.25,0.25,11.75,13875.25,3178.125,0.0,0.0,0.0,0.0,0.0,0.375,8036.5,15570.0,0.0,0.0,9.75,-0.04935834358911961,1.5859375,2.253988367934653,25425,34,743.961880535729,59.99299314618111
trace_foldgrpo,Trace+FoldGRPO,90,12,9.0,3.0,0,0.0,0.0,0.0,31.75,15302.416666666666,1408.1666666666667,0.0,0.0,0.0,0.0,0.0,0.25,13272.1669921875,29449.0,0.0,0.0,14.333333333333334,-0.011931097348375866,0.51953125,0.22857492432619134,16898,57,836.399267123157,122.12468854896724
trace_foldgrpo,Trace+FoldGRPO,91,12,9.0,3.0,0,0.5,0.75,0.5,25.25,14733.166666666666,1859.75,0.0,0.0,0.0,0.0,0.0,0.25,13198.9169921875,29729.0,0.0,0.0,12.333333333333334,-0.06177405489142984,1.146484375,0.5056764664623188,22317,51,730.1739363879816,139.23394815064967
trace_foldgrpo,Trace+FoldGRPO,92,8,5.0,3.0,0,0.75,0.875,0.5,10.25,12827.5,2148.875,0.0,0.0,0.0,0.0,0.0,0.375,8910.625,27915.0,0.0,0.0,8.25,-0.018174952812842093,0.5625,0.14811587292933837,17191,27,834.9393276563122,57.64251174405217
trace_foldgrpo,Trace+FoldGRPO,93,12,9.0,3.0,0,0.0,0.0,0.0,26.75,12453.416666666666,1336.75,0.0,0.0,0.0,0.0,0.0,0.25,10376.1669921875,28666.0,0.0,0.0,11.333333333333334,-0.0053259585450481,0.3232421875,0.105693568152977,16041,51,989.7214394216332,85.75392693281174
trace_foldgrpo,Trace+FoldGRPO,94,12,11.0,1.0,0,0.0,0.0,0.0,43.75,16447.333333333332,1197.0833333333333,0.0,0.0,0.0,0.0,0.0,0.0833333358168602,15450.1669921875,30878.0,0.0,0.0,15.333333333333334,-0.003942224981680435,0.515625,0.21972438628048016,14365,58,800.1327259397259,149.79264828749
trace_foldgrpo,Trace+FoldGRPO,95,8,5.0,3.0,0,0.25,0.5,0.125,13.25,10638.625,949.5,0.0,0.0,0.0,0.0,0.0,0.375,7120.0,21682.0,0.0,0.0,9.5,-0.03550392252509482,0.55078125,0.018460184917785227,7596,33,807.3082442964119,50.60458664782345
trace_foldgrpo,Trace+FoldGRPO,96,12,10.0,2.0,0,0.5,0.5,0.3333333333333333,35.5,14711.166666666666,1093.5,0.0,0.0,0.0,0.0,0.0,0.1666666716337204,12886.3330078125,29213.0,0.0,0.0,14.5,-0.034956071176566184,0.5341796875,0.021898134388417628,13122,53,492.6993067657301,207.191279951483
trace_foldgrpo,Trace+FoldGRPO,97,8,8.0,0,0,0.25,0.375,0.375,23.0,12974.75,949.75,0.0,0.0,0.0,0.0,0.0,0.0,12974.75,26443.0,0.0,0.0,11.5,-0.02677405950089451,1.5390625,0.0016448478163511027,7598,33,920.5407144911243,78.11332933790982
trace_foldgrpo,Trace+FoldGRPO,98,4,4.0,0,0,0.0,0.0,0.0,8.0,9525.0,2107.5,0.0,0.0,0.0,0.0,0.0,0.0,9525.0,12091.0,0.0,0.0,8.0,-0.0071668620221316814,0.08544921875,0.0014462161343544722,8430,14,667.8098847667046,43.30873300880194
trace_foldgrpo,Trace+FoldGRPO,99,8,5.0,3.0,0,0.25,0.5,0.125,10.75,11508.5,1901.875,0.0,0.0,0.0,0.0,0.0,0.375,7392.125,14976.0,0.0,0.0,8.25,-0.04299083317164332,0.84375,1.1124564405763522,15215,28,752.2843645230739,55.78475637547672
trace_foldgrpo,Trace+FoldGRPO,100,8,6.0,2.0,0,0.25,0.5,0.25,14.0,8154.125,1640.625,0.0,0.0,0.0,0.0,0.0,0.25,7441.375,20229.0,0.0,0.0,9.0,-0.060132097685709596,0.875,0.1961275415524142,13125,29,803.210643641997,55.51843760162592
no_trace,no-Trace,21,12,11.0,1.0,0,0.0,0.0,0.0,31.75,13771.083333333334,1273.5,0.0,0.0,0.0,0.0,0.0,0.0833333358168602,12439.25,26493.0,0.0,0.0,11.333333333333334,0.0,0.0,0.01670284142892342,,,1051.274684515672,97.15063199400902
no_trace,no-Trace,22,12,10.0,2.0,0,0.25,0.3333333333333333,0.3333333333333333,36.5,18560.666666666668,1216.0833333333333,0.0,0.0,0.0,0.0,0.0,0.1666666716337204,16862.0,30868.0,0.0,0.0,13.666666666666666,-0.014735003312428793,0.8515625,0.008405553215804199,,,1210.1237600505162,104.30916586145759
no_trace,no-Trace,23,8,8.0,0,0,0.0,0.0,0.0,19.5,16250.25,1005.375,0.0,0.0,0.0,0.0,0.0,0.0,16250.25,27038.0,0.0,0.0,9.75,0.0,0.0,0.0029751344191026874,,,1505.4278504798106,56.364707197993994
no_trace,no-Trace,24,12,10.0,2.0,0,0.25,0.3333333333333333,0.3333333333333333,30.5,17114.5,1076.0833333333333,0.0,0.0,0.0,0.0,0.0,0.1666666716337204,15254.8330078125,29083.0,0.0,0.0,11.833333333333334,-0.014732063437501589,1.05859375,0.07699482458701823,,,1375.422403009069,84.56820228137076
no_trace,no-Trace,25,8,8.0,0,0,0.25,0.125,0.125,24.0,14050.5,1320.625,0.0,0.0,0.0,0.0,0.0,0.0,14050.5,25727.0,0.0,0.0,12.0,0.03314558323472738,0.74609375,0.0014218628566595726,,,1040.3050516197934,73.2371720019728
no_trace,no-Trace,26,16,13.0,3.0,0,1.0,1.0,0.8125,71.25,17917.1875,1746.25,0.0,0.0,0.0,0.0,0.0,0.1875,15316.0,31155.0,0.0,0.0,20.75,-0.013275292469188571,0.3544921875,3.4308143551447756,,,1091.1534677936875,142.51478329114616
no_trace,no-Trace,27,8,6.0,2.0,0,0.75,0.875,0.625,14.5,15104.75,1505.125,0.0,0.0,0.0,0.0,0.0,0.25,12739.25,28877.0,0.0,0.0,9.75,-0.0016826055943965912,0.6953125,0.09516055675339885,,,1251.676981207614,52.82193488627672
no_trace,no-Trace,28,8,7.0,1.0,0,0.5,0.375,0.375,18.75,15528.0,1265.5,0.0,0.0,0.0,0.0,0.0,0.125,12199.75,27881.0,0.0,0.0,10.25,0.015625,0.78515625,0.19354691214539343,,,1163.230756006679,56.791827123612165
no_trace,no-Trace,29,8,8.0,0,0,0.25,0.25,0.25,16.0,6021.375,796.625,0.0,0.0,0.0,0.0,0.0,0.0,6021.375,7427.0,0.0,0.0,8.0,9.313225746154785e-10,2.09375,0.0031288263126043603,,,1237.1954184070785,35.654432067647576
no_trace,no-Trace,30,12,10.0,2.0,0,0.25,0.4166666666666667,0.4166666666666667,32.5,15938.166666666666,1289.9166666666667,0.0,0.0,0.0,0.0,0.0,0.1666666716337204,14260.3330078125,31940.0,0.0,0.0,13.5,-0.02951214959224065,0.748046875,0.03440463915952326,,,967.4241942541631,114.25287961214781
no_trace,no-Trace,31,16,13.0,3.0,0,0.0,0.0,0.0,49.75,16378.125,931.25,0.0,0.0,0.0,0.0,0.0,0.1875,13994.8125,29991.0,0.0,0.0,14.125,0.0,0.0,0.002693739510505111,,,912.1498035139431,158.35611589625478
no_trace,no-Trace,32,12,10.0,2.0,0,0.5,0.4166666666666667,0.25,32.5,15520.166666666666,1336.5833333333333,0.0,0.0,0.0,0.0,0.0,0.1666666716337204,13637.1669921875,28397.0,0.0,0.0,13.0,0.029706634891529877,1.35546875,0.18719583005198123,,,716.9344619915216,148.63213536143303
no_trace,no-Trace,33,12,9.0,3.0,0,0.5,0.75,0.5,28.25,15646.916666666666,1103.5,0.0,0.0,0.0,0.0,0.0,0.25,13312.9169921875,31289.0,0.0,0.0,14.0,-0.036310020834207535,1.263671875,7.532908348322962,,,982.9579616708119,103.93577750399709
no_trace,no-Trace,34,8,6.0,2.0,0,0.0,0.0,0.0,14.0,13104.5,1619.625,0.0,0.0,0.0,0.0,0.0,0.25,10128.25,24258.0,0.0,0.0,9.0,0.0,0.0,0.0704472288271063,,,997.8469266432004,55.619753409177065
no_trace,no-Trace,35,8,5.0,3.0,0,0.25,0.125,0.125,8.75,11989.375,1323.625,0.0,0.0,0.0,0.0,0.0,0.375,7487.5,16771.0,0.0,0.0,7.25,0.022097055800259113,0.71484375,0.07733169817947783,,,1105.4053032277839,38.32259522937238
no_trace,no-Trace,36,12,9.0,3.0,0,0.5,0.5,0.25,26.25,13423.75,1269.0833333333333,0.0,0.0,0.0,0.0,0.0,0.25,10355.0,26558.0,0.0,0.0,12.5,-0.020833303531010944,0.3359375,0.7258332215152071,,,858.7388369062254,98.23184462450445
no_trace,no-Trace,37,8,8.0,0,0,0.5,0.5,0.5,19.0,16252.375,688.0,0.0,0.0,0.0,0.0,0.0,0.0,16252.375,27257.0,0.0,0.0,9.5,0.0,0.0,0.0025128334673354402,,,1665.8312042172784,51.12973018176854
no_trace,no-Trace,38,8,8.0,0,0,0.25,0.125,0.125,30.5,17265.0,997.625,0.0,0.0,0.0,0.0,0.0,0.0,17265.0,29306.0,0.0,0.0,15.25,0.06629116553813219,1.7734375,0.00249967605486745,,,1046.8908488113393,84.88277464732528
no_trace,no-Trace,39,8,7.0,1.0,0,0.25,0.25,0.25,17.25,11116.375,1092.375,0.0,0.0,0.0,0.0,0.0,0.125,10636.75,27770.0,0.0,0.0,9.75,9.313225746154785e-10,1.2421875,0.0397300108888885,,,1132.4617024944705,53.23535433225334
no_trace,no-Trace,40,8,5.0,3.0,0,0.0,0.0,0.0,11.25,12552.375,2714.125,0.0,0.0,0.0,0.0,0.0,0.375,7548.75,14066.0,0.0,0.0,9.0,0.0,0.0,0.9506088412454119,,,805.0525643910107,52.96362235955894
no_trace,no-Trace,41,8,8.0,0,0,0.0,0.0,0.0,26.5,13990.75,2007.875,0.0,0.0,0.0,0.0,0.0,0.0,13990.75,29092.0,0.0,0.0,13.25,0.0,0.0,0.0020907363141304813,,,998.8974883755156,76.38922000303864
no_trace,no-Trace,42,12,10.0,2.0,0,0.75,0.5833333333333334,0.4166666666666667,34.0,13756.5,3076.75,0.0,0.0,0.0,0.0,0.0,0.1666666716337204,12156.6669921875,31347.0,0.0,0.0,12.666666666666666,0.024988163883487385,0.859375,0.11757112449898462,,,330.0937490371535,296.91564982943237
no_trace,no-Trace,43,8,7.0,1.0,0,0.75,0.625,0.625,23.75,14795.625,3544.375,0.0,0.0,0.0,0.0,0.0,0.125,13188.625,29191.0,0.0,0.0,12.75,0.020201473496854305,3.0,0.1415685478659725,,,345.9687122099847,203.59500010870397
no_trace,no-Trace,44,8,7.0,1.0,0,0.5,0.375,0.375,18.25,15073.875,1412.875,0.0,0.0,0.0,0.0,0.0,0.125,13283.375,27330.0,0.0,0.0,10.25,0.015625,0.50390625,0.06230447946290951,,,1329.358607901538,53.003756534308195
no_trace,no-Trace,45,20,17.0,3.0,0,0.0,0.0,0.0,223.25,18032.5,3329.1,0.0,0.05,0.0,0.0,0.0,0.15000000596046448,15341.349609375,32768.0,0.05000000074505806,0.05882352963089943,46.9,0.0,0.0,0.11304944878938841,,,776.6909759226677,251.80413583107293
no_trace,no-Trace,46,12,9.0,3.0,0,0.0,0.0,0.0,22.75,14341.583333333334,1065.75,0.0,0.0,0.0,0.0,0.0,0.25,12172.0830078125,31654.0,0.0,0.0,11.5,0.0,0.0,0.05616718123686345,,,1104.4382360959683,86.35883554443717
no_trace,no-Trace,47,16,13.0,3.0,0,0.75,0.875,0.6875,42.25,12022.3125,980.1875,0.0,0.0,0.0,0.0,0.0,0.1875,11236.6875,30419.0,0.0,0.0,12.625,-0.040009153075516224,1.1484375,0.024613104546915565,,,1109.7543386099012,109.97524024359882
no_trace,no-Trace,48,12,11.0,1.0,0,1.0,1.0,0.9166666666666666,43.25,18332.833333333332,1327.5,0.0,0.0,0.0,0.0,0.0,0.0833333358168602,16922.25,31693.0,0.0,0.0,15.333333333333334,0.013275057698289553,0.646484375,51.707117692014435,,,1190.7613482766287,108.22403682023287
no_trace,no-Trace,49,12,10.0,2.0,0,0.25,0.4166666666666667,0.4166666666666667,35.0,15450.75,1208.6666666666667,0.0,0.0,0.0,0.0,0.0,0.1666666716337204,13421.4169921875,28287.0,0.0,0.0,13.5,-0.022097231820225716,0.8515625,0.2823743987646594,,,1180.609380045301,89.18402799405158
no_trace,no-Trace,50,12,10.0,2.0,0,0.0,0.0,0.0,32.0,11895.5,1415.8333333333333,0.0,0.0,0.0,0.0,0.0,0.1666666716337204,10445.6669921875,30106.0,0.0,0.0,12.333333333333334,0.0,0.0,0.7826757051661843,,,1123.5457182130986,77.94075361639261
no_trace,no-Trace,51,8,5.0,3.0,0,0.25,0.125,0.125,12.75,13782.625,1289.5,0.0,0.0,0.0,0.0,0.0,0.375,8846.5,27088.0,0.0,0.0,9.5,0.02209705486893654,0.53515625,0.07247433619340882,,,1155.1701416496064,41.339364893734455
no_trace,no-Trace,52,12,10.0,2.0,0,0.75,0.5833333333333334,0.4166666666666667,43.5,20171.583333333332,1226.25,0.0,0.08333333333333333,0.0,0.0,0.0,0.1666666716337204,16038.0830078125,32768.0,0.0833333358168602,0.10000000149011612,17.333333333333332,0.03378258210917314,1.048828125,20.44876026119285,,,816.6127143400988,148.4430720601231
no_trace,no-Trace,53,8,8.0,0,0,0.25,0.125,0.125,28.0,18555.625,1961.125,0.0,0.0,0.0,0.0,0.0,0.0,18555.625,29254.0,0.0,0.0,14.0,0.022097055800259113,0.78125,0.0009652495064074174,,,682.7867871849427,138.16977974772453
no_trace,no-Trace,54,4,4.0,0,0,0.0,0.0,0.0,7.0,10211.5,1378.25,0.0,0.0,0.0,0.0,0.0,0.0,10211.5,10960.0,0.0,0.0,7.0,0.0,0.0,0.0014173738018143922,,,1127.849235045787,26.921151388436556
no_trace,no-Trace,55,12,11.0,1.0,0,0.25,0.08333333333333333,0.08333333333333333,37.25,23466.583333333332,957.4166666666666,0.0,0.08333333333333333,0.0,0.0,0.0,0.0833333358168602,21040.083984375,32768.0,0.0833333358168602,0.09090909361839294,14.0,0.044188610588510834,1.029296875,0.014759281294194201,,,1250.2910953566532,122.7746087051928
no_trace,no-Trace,56,16,13.0,3.0,0,0.25,0.3125,0.3125,50.75,16953.75,1501.5,0.0,0.0,0.0,0.0,0.0,0.1875,14874.375,30308.0,0.0,0.0,14.875,-0.016611152794212103,1.27734375,0.2986172059136152,,,1148.9616908500784,131.67323262803257
no_trace,no-Trace,57,16,13.0,3.0,0,0.5,0.375,0.375,64.25,18844.1875,1090.875,0.0,0.0,0.0,0.0,0.0,0.1875,16537.1875,31103.0,0.0,0.0,19.0,0.0078125,0.24609375,0.017543558726174524,,,874.205445427878,188.17430257424712
no_trace,no-Trace,58,16,13.0,3.0,0,0.0,0.0,0.0,63.75,13848.875,2094.75,0.0,0.0,0.0,0.0,0.0,0.1875,12690.3125,32401.0,0.0,0.0,18.125,0.0,0.0,6.730709668272539,,,895.2002052856833,149.24706139601767
no_trace,no-Trace,59,12,9.0,3.0,0,0.0,0.0,0.0,33.25,16608.083333333332,1546.5,0.0,0.08333333333333333,0.0,0.0,0.0,0.25,13504.8330078125,32768.0,0.0833333358168602,0.1111111119389534,13.333333333333334,0.0,0.0,0.11374021469479582,,,1166.4168115891637,88.65955889225006
no_trace,no-Trace,60,12,12.0,0,0,0.0,0.0,0.0,37.5,13665.833333333334,1023.6666666666666,0.0,0.0,0.0,0.0,0.0,0.0,13665.8330078125,30684.0,0.0,0.0,12.5,0.0,0.0,0.001895841565177155,,,1335.2433309565424,83.9090504348278
no_trace,no-Trace,61,8,8.0,0,0,0.25,0.25,0.25,19.0,13658.875,1235.125,0.0,0.0,0.0,0.0,0.0,0.0,13658.875,26013.0,0.0,0.0,9.5,-9.313225746154785e-10,1.21875,0.0018822707643266767,,,1197.9410767851066,62.192958772182465
no_trace,no-Trace,62,8,7.0,1.0,0,0.25,0.25,0.125,22.25,14266.375,1900.625,0.0,0.0,0.0,0.0,0.0,0.125,12985.125,29588.0,0.0,0.0,12.5,0.01061196718364954,0.466796875,0.23480665277020307,,,1069.3091327314157,64.78669065795839
no_trace,no-Trace,63,12,10.0,2.0,0,0.25,0.4166666666666667,0.4166666666666667,35.5,17384.25,1775.0833333333333,0.0,0.0,0.0,0.0,0.0,0.1666666716337204,15671.25,30246.0,0.0,0.0,13.333333333333334,-0.029460595299800236,0.79296875,1.6904972191526515,,,1122.1383797604888,106.05955749005079
no_trace,no-Trace,64,8,7.0,1.0,0,0.75,0.875,0.75,16.25,13969.75,1344.875,0.0,0.0,0.0,0.0,0.0,0.125,12429.125,29941.0,0.0,0.0,9.75,-0.011048511601984501,1.3671875,0.05209603433468146,,,1125.6075162912805,59.59359637275338
no_trace,no-Trace,65,8,8.0,0,0,0.5,0.5,0.5,18.0,12945.0,1005.875,0.0,0.0,0.0,0.0,0.0,0.0,12945.0,32668.0,0.0,0.0,9.0,0.015625,0.72265625,0.0017519509347039275,,,1299.621148103699,55.21147459372878
no_trace,no-Trace,66,12,9.0,3.0,0,0.25,0.08333333333333333,0.08333333333333333,23.25,15792.416666666666,1223.3333333333333,0.0,0.08333333333333333,0.0,0.0,0.0,0.25,11948.6669921875,32768.0,0.0833333358168602,0.1111111119389534,10.583333333333334,0.03683696438868841,0.7734375,0.024068998808312852,,,1193.5759858240021,79.37240789458156
no_trace,no-Trace,67,12,10.0,2.0,0,0.5,0.5833333333333334,0.5833333333333334,36.0,14144.5,1200.5833333333333,0.0,0.0,0.0,0.0,0.0,0.1666666716337204,13056.6669921875,30802.0,0.0,0.0,13.666666666666666,-0.0271221911534667,1.5390625,0.14748366904192758,,,1087.5249196067612,94.91644571907818
no_trace,no-Trace,68,8,8.0,0,0,0.25,0.25,0.25,27.0,12967.125,1660.75,0.0,0.0,0.0,0.0,0.0,0.0,12967.125,29957.0,0.0,0.0,13.5,0.0,1.6875,0.0012195107956358697,,,805.9297923364308,89.16223309189081
no_trace,no-Trace,69,8,8.0,0,0,0.5,0.5,0.5,68.75,16389.125,3287.25,0.0,0.0,0.0,0.0,0.0,0.0,16389.125,25642.0,0.0,0.0,34.375,0.005470419768244028,2.046875,0.0024903472021833295,,,436.9056012442068,195.64981487207115
no_trace,no-Trace,70,12,9.0,3.0,0,0.25,0.5,0.25,24.75,13863.75,1023.5833333333334,0.0,0.0,0.0,0.0,0.0,0.25,11732.75,27126.0,0.0,0.0,11.0,-0.03852900490164757,1.60546875,0.040221910419253014,,,1449.2696990458019,63.905979722738266
no_trace,no-Trace,71,8,6.0,2.0,0,0.0,0.0,0.0,12.0,7552.625,855.5,0.0,0.0,0.0,0.0,0.0,0.25,5367.875,11998.0,0.0,0.0,8.0,0.0,0.0,0.006129670851805713,,,1224.003649942138,29.78830986469984
no_trace,no-Trace,72,8,5.0,3.0,0,0.0,0.0,0.0,9.25,13104.875,1851.125,0.0,0.0,0.0,0.0,0.0,0.375,8583.5,27814.0,0.0,0.0,7.75,0.0,0.0,0.10752023555687629,,,991.4090243314031,47.25547059811652
no_trace,no-Trace,73,12,10.0,2.0,0,0.75,0.8333333333333334,0.6666666666666666,29.0,15389.666666666666,1659.9166666666667,0.0,0.0,0.0,0.0,0.0,0.1666666716337204,13286.8330078125,32090.0,0.0,0.0,11.333333333333334,-0.020301601306224864,0.83203125,0.13314235897754165,,,1228.5917552459043,85.09091775491834
no_trace,no-Trace,74,4,4.0,0,0,0.0,0.0,0.0,7.5,9371.0,1340.0,0.0,0.0,0.0,0.0,0.0,0.0,9371.0,11363.0,0.0,0.0,7.5,0.0,0.0,0.0016306657926179469,,,890.4384902932998,32.25152586400509
no_trace,no-Trace,75,8,7.0,1.0,0,0.0,0.0,0.0,16.75,11132.25,1350.125,0.0,0.0,0.0,0.0,0.0,0.125,10355.875,30194.0,0.0,0.0,9.75,0.0,0.0,0.011185111441591289,,,1019.9219170054225,57.64313818514347
no_trace,no-Trace,76,12,9.0,3.0,0,0.25,0.16666666666666666,0.16666666666666666,19.75,13841.083333333334,1326.3333333333333,0.0,0.0,0.0,0.0,0.0,0.25,10987.8330078125,29028.0,0.0,0.0,9.333333333333334,-0.0073795802891254425,0.978515625,2.9306725667459737,,,1169.955703028918,75.37122967280447
no_trace,no-Trace,77,12,9.0,3.0,0,0.0,0.0,0.0,36.25,19178.25,1571.1666666666667,0.0,0.16666666666666666,0.0,0.0,0.0,0.25,16071.25,32768.0,0.1666666716337204,0.2222222238779068,17.5,0.0,0.0,0.03303631316036141,,,1071.3901506064813,111.0155809558928
no_trace,no-Trace,78,8,6.0,2.0,0,0.5,0.25,0.25,19.0,15565.5,1868.0,0.0,0.0,0.0,0.0,0.0,0.25,8416.0,28598.0,0.0,0.0,11.25,0.06629116553813219,4.09375,0.6075226850734907,,,871.265556179215,55.694844879209995
no_trace,no-Trace,79,12,10.0,2.0,0,0.5,0.5,0.3333333333333333,30.5,15827.666666666666,1179.5833333333333,0.0,0.0,0.0,0.0,0.0,0.1666666716337204,14377.8330078125,28094.0,0.0,0.0,13.0,-0.020833313465118408,0.0,0.22202329632515708,,,1067.4919809364385,104.28087703511119
no_trace,no-Trace,80,12,11.0,1.0,0,0.25,0.25,0.25,47.25,17983.5,1364.6666666666667,0.0,0.0,0.0,0.0,0.0,0.0833333358168602,15718.6669921875,29180.0,0.0,0.0,16.666666666666668,-0.014734615261356035,0.859375,0.05140781950952563,,,1277.405773811353,95.14987523294985
no_trace,no-Trace,81,12,9.0,3.0,0,0.0,0.0,0.0,26.75,13746.583333333334,1300.3333333333333,0.0,0.08333333333333333,0.0,0.0,0.0,0.25,11812.0830078125,32768.0,0.0833333358168602,0.1111111119389534,12.166666666666666,0.0,0.0,0.034764376267654974,,,846.5096547924073,110.19011947698891
no_trace,no-Trace,82,16,15.0,1.0,0,0.5,0.4375,0.375,66.75,19163.1875,980.6875,0.0,0.0625,0.0,0.0,0.0,0.0625,18933.5,32768.0,0.0625,0.06666667014360428,17.125,5.987472832202911e-06,0.40234375,0.07826909982122743,,,1457.5873638812395,129.53117231838405
no_trace,no-Trace,83,8,6.0,2.0,0,0.5,0.5,0.5,12.0,12840.375,1462.625,0.0,0.0,0.0,0.0,0.0,0.25,10508.125,29981.0,0.0,0.0,8.0,0.0,0.0,0.08650988804583903,,,946.3889330047756,60.32456425577402
no_trace,no-Trace,84,8,7.0,1.0,0,0.0,0.0,0.0,17.75,14165.625,1527.875,0.0,0.0,0.0,0.0,0.0,0.125,13128.875,29378.0,0.0,0.0,9.75,0.0,0.0,1.602269731258275,,,1249.8501258462843,55.875899482518435
no_trace,no-Trace,85,16,14.0,2.0,0,0.0,0.0,0.0,65.5,20095.5,1207.625,0.0,0.0,0.0,0.0,0.0,0.125,18613.375,30769.0,0.0,0.0,19.75,0.0,0.0,0.004982054336096553,,,902.118828266016,204.10171501897275
no_trace,no-Trace,86,8,8.0,0,0,1.0,1.0,1.0,16.0,8903.125,995.0,0.0,0.0,0.0,0.0,0.0,0.0,8903.125,12691.0,0.0,0.0,8.0,0.0,0.0,0.001726802292978391,,,1285.0694709588072,43.02996939048171
no_trace,no-Trace,87,12,9.0,3.0,0,0.5,0.3333333333333333,0.3333333333333333,28.25,12287.0,1645.9166666666667,0.0,0.0,0.0,0.0,0.0,0.25,11256.75,27167.0,0.0,0.0,12.166666666666666,0.0,0.0,209.28726916145874,,,1081.03588894623,83.18780247680843
no_trace,no-Trace,88,12,11.0,1.0,0,0.0,0.0,0.0,38.75,14892.416666666666,1077.5,0.0,0.0,0.0,0.0,0.0,0.0833333358168602,13896.75,28206.0,0.0,0.0,14.666666666666666,0.0,0.0,1.1381769308281946,,,903.5899770812083,123.1515430919826
no_trace,no-Trace,89,8,6.0,2.0,0,0.0,0.0,0.0,13.5,11979.75,1442.25,0.0,0.0,0.0,0.0,0.0,0.25,9166.5,23181.0,0.0,0.0,8.5,0.0,0.0,0.06097933121054666,,,1195.852645397605,43.179232992231846
no_trace,no-Trace,90,8,6.0,2.0,0,0.5,0.625,0.375,11.0,8993.75,732.875,0.0,0.0,0.0,0.0,0.0,0.25,6221.25,11336.0,0.0,0.0,7.5,-0.013950318098068237,1.109375,0.031072390120243654,,,1261.0175996244102,31.5614151712507
no_trace,no-Trace,91,8,6.0,2.0,0,0.25,0.125,0.125,17.0,16455.5,1337.75,0.0,0.0,0.0,0.0,0.0,0.25,12411.5,29508.0,0.0,0.0,12.0,0.02209705486893654,0.65234375,0.09052227903157473,,,1054.6816230562138,61.33035656064749
no_trace,no-Trace,92,8,8.0,0,0,0.25,0.125,0.125,29.5,19586.25,1231.25,0.0,0.0,0.0,0.0,0.0,0.0,19586.25,31571.0,0.0,0.0,14.75,0.022097056731581688,0.73046875,0.0023984068247955292,,,942.3226277460733,104.11614569276571
no_trace,no-Trace,93,12,9.0,3.0,0,0.25,0.08333333333333333,0.08333333333333333,25.75,17646.083333333332,1221.9166666666667,0.0,0.0,0.0,0.0,0.0,0.25,13586.0830078125,28459.0,0.0,0.0,11.833333333333334,0.022108119602004688,0.75390625,0.18898340765493535,,,988.8278205097482,104.96872948668897
no_trace,no-Trace,94,8,6.0,2.0,0,0.0,0.0,0.0,15.5,12872.375,2386.625,0.0,0.0,0.0,0.0,0.0,0.25,10041.125,24479.0,0.0,0.0,9.75,0.0,0.0,0.46685749974130886,,,971.1766333540049,56.84702257439494
no_trace,no-Trace,95,12,9.0,3.0,0,0.0,0.0,0.0,27.75,12846.25,2070.9166666666665,0.0,0.0,0.0,0.0,0.0,0.25,9657.5,30477.0,0.0,0.0,13.0,0.0,0.0,0.03680207100114785,,,767.5018534979987,104.56196246854961
no_trace,no-Trace,96,16,15.0,1.0,0,0.25,0.3125,0.3125,65.25,17454.5,1260.5,0.0,0.0625,0.0,0.0,0.0,0.0625,17139.25,32768.0,0.0625,0.06666667014360428,17.25,5.550682544708252e-07,1.44921875,0.19067642447589606,,,1197.0004539416038,145.96819861233234
no_trace,no-Trace,97,8,5.0,3.0,0,1.0,1.0,0.625,8.75,9314.375,1409.5,0.0,0.0,0.0,0.0,0.0,0.375,6290.75,12205.0,0.0,0.0,7.5,0.00451187789440155,1.328125,0.036171866246149875,,,956.3824614708674,39.333636401221156
no_trace,no-Trace,98,16,13.0,3.0,0,0.0,0.0,0.0,52.0,18753.8125,1534.4375,0.0,0.0625,0.0,0.0,0.0,0.1875,16699.375,32768.0,0.0625,0.07692307978868484,17.9375,0.0,0.0,0.04401728955053841,,,969.5133802522587,170.89707411453128
no_trace,no-Trace,99,8,7.0,1.0,0,0.25,0.25,0.25,15.25,10985.125,873.375,0.0,0.0,0.0,0.0,0.0,0.125,9819.0,25294.0,0.0,0.0,8.75,-0.011048528365790844,1.2890625,0.1329152045873343,,,1322.1283103611918,42.7594655957073
no_trace,no-Trace,100,8,6.0,2.0,0,0.0,0.0,0.0,17.0,14143.875,1767.125,0.0,0.0,0.0,0.0,0.0,0.25,10753.375,26092.0,0.0,0.0,10.5,0.0,0.0,15.39741221650911,,,1064.2255804782715,54.44757301732898
trace_only,Trace-only,21,12,11.0,1.0,0,0.0,0.0,0.0,42.75,19479.166666666668,1500.75,0.0,0.0,0.0,0.0,0.0,0.0833333358168602,19067.75,31551.0,0.0,0.0,15.333333333333334,-0.017093465859943535,0.279296875,0.4905481958024514,18009,61,956.6860239433024,148.35117943398654
trace_only,Trace-only,22,12,12.0,0,0,0.25,0.25,0.25,42.5,19754.333333333332,1183.0833333333333,0.0,0.0,0.0,0.0,0.0,0.0,19754.333984375,30698.0,0.0,0.0,14.166666666666666,-0.0025610496577807376,0.2197265625,0.0015977995693295572,14197,52,950.9674886942856,156.25981094688177
trace_only,Trace-only,23,8,6.0,2.0,0,0.0,0.0,0.0,11.0,8962.375,953.5,0.0,0.0,0.0,0.0,0.0,0.25,6438.875,12615.0,0.0,0.0,7.5,-0.025132336741080508,0.828125,0.027029213233618066,7628,23,858.7754111905465,47.32843939214945
trace_only,Trace-only,24,8,7.0,1.0,0,0.25,0.25,0.25,19.75,18494.125,1339.125,0.0,0.0,0.0,0.0,0.0,0.125,17283.625,29991.0,0.0,0.0,10.75,-0.016187079876544885,0.369140625,0.09302433946868405,10713,33,1019.0736285188649,84.86432930827141
trace_only,Trace-only,25,12,11.0,1.0,0,0.25,0.16666666666666666,0.16666666666666666,40.25,20762.333333333332,1138.25,0.0,0.0,0.0,0.0,0.0,0.0833333358168602,19638.083984375,28526.0,0.0,0.0,14.166666666666666,-0.00866715497492502,0.35107421875,0.02129558943367253,13659,52,936.2900656827621,155.20777729712427
trace_only,Trace-only,26,12,12.0,0,0,0.75,0.9166666666666666,0.9166666666666666,41.5,10754.083333333334,1504.9166666666667,0.0,0.0,0.0,0.0,0.0,0.0,10754.0830078125,29263.0,0.0,0.0,13.833333333333334,-0.015282197261209754,0.654296875,0.0013670805152893688,18059,44,699.4696956102559,135.26175700500607
trace_only,Trace-only,27,8,6.0,2.0,0,0.75,0.875,0.625,11.5,18242.0,1497.625,0.0,0.0,0.0,0.0,0.0,0.25,14849.25,24396.0,0.0,0.0,8.0,-0.01972902088164119,0.69921875,0.6128325431054691,11981,24,1020.9652247740344,73.02501416392624
trace_only,Trace-only,28,8,6.0,2.0,0,0.25,0.125,0.125,17.0,13331.0,1260.625,0.0,0.0,0.0,0.0,0.0,0.25,10907.25,27799.0,0.0,0.0,10.5,-0.02974157320568338,1.1484375,0.4881432842084905,10085,35,988.4030154150353,59.11050359904766
trace_only,Trace-only,29,12,11.0,1.0,0,0.75,0.8333333333333334,0.8333333333333334,32.75,14738.166666666666,770.5833333333334,0.0,0.0,0.0,0.0,0.0,0.0833333358168602,14292.5830078125,29019.0,0.0,0.0,11.5,-0.011494561715153395,0.6572265625,0.01657865842571482,9247,50,1047.3055442591224,108.16661920771003
trace_only,Trace-only,30,12,10.0,2.0,0,0.0,0.0,0.0,41.0,19359.5,1655.3333333333333,0.0,0.0,0.0,0.0,0.0,0.1666666716337204,14708.6669921875,31192.0,0.0,0.0,15.166666666666666,-0.004564096835868743,0.42578125,0.03198259767426256,19864,66,879.4748867120437,128.66541354358196
trace_only,Trace-only,31,12,12.0,0,0,0.0,0.0,0.0,56.0,17445.833333333332,882.5833333333334,0.0,0.0,0.0,0.0,0.0,0.0,17445.833984375,32726.0,0.0,0.0,18.666666666666668,-0.007292909705332325,0.2265625,0.0022879825489023156,10591,63,720.5809881510646,186.804817520082
trace_only,Trace-only,32,12,12.0,0,0,0.5,0.4166666666666667,0.4166666666666667,45.5,20361.333333333332,1403.5833333333333,0.0,0.0,0.0,0.0,0.0,0.0,20361.333984375,30807.0,0.0,0.0,15.166666666666666,-0.003464571990965245,0.1220703125,0.0014619498566995996,16843,55,858.5937030622468,176.80364933796227
trace_only,Trace-only,33,20,17.0,3.0,0,0.5,0.65,0.5,63.5,18753.8,1061.55,0.0,0.05,0.0,0.0,0.0,0.15000000596046448,15684.9501953125,32768.0,0.05000000074505806,0.05882352963089943,14.25,-0.007647850222929265,0.4361979166666667,0.06107661922433181,21231,79,991.733375288561,200.66532493382692
trace_only,Trace-only,34,8,7.0,1.0,0,0.0,0.0,0.0,16.75,16141.75,1530.375,0.0,0.0,0.0,0.0,0.0,0.125,13558.625,29999.0,0.0,0.0,9.25,-0.005064821016276255,0.314453125,31.54974417143967,12243,28,1015.1739477396935,70.62336475402117
trace_only,Trace-only,35,8,6.0,2.0,0,0.5,0.25,0.25,14.0,9339.625,1757.125,0.0,0.0,0.0,0.0,0.0,0.25,8487.625,18939.0,0.0,0.0,9.0,-0.022722042166606116,0.9609375,0.34452996942127356,14057,27,819.7083093810144,59.56570092216134
trace_only,Trace-only,36,8,5.0,3.0,0,0.5,0.625,0.25,10.25,15557.125,1044.625,0.0,0.0,0.0,0.0,0.0,0.375,9734.5,28300.0,0.0,0.0,8.0,-0.040140702069038525,1.9375,0.04161029633542057,8357,26,1003.5016261970824,51.1050492208451
trace_only,Trace-only,37,8,5.0,3.0,0,0.25,0.125,0.125,10.25,12816.125,1152.125,0.0,0.0,0.0,0.0,0.0,0.375,8742.5,22759.0,0.0,0.0,8.75,-0.005635733596136561,0.173828125,0.007177593186497688,9217,30,899.3881454523581,52.89429290406406
trace_only,Trace-only,38,16,15.0,1.0,0,0.75,0.6875,0.625,52.25,17848.125,954.9375,0.0,0.0,0.0,0.0,0.0,0.0625,16630.375,30309.0,0.0,0.0,14.0,-0.00486418110813247,0.431640625,0.00419775295671343,15279,70,940.9154998657152,181.08586799167097
trace_only,Trace-only,39,8,7.0,1.0,0,0.25,0.375,0.375,14.75,10660.25,997.875,0.0,0.0,0.0,0.0,0.0,0.125,9900.0,26362.0,0.0,0.0,8.25,-0.03008303258138767,1.234375,0.04452628943909076,7983,24,959.419669906581,59.765295416116714
trace_only,Trace-only,40,12,11.0,1.0,0,0.0,0.0,0.0,38.75,14482.0,1636.5833333333333,0.0,0.0,0.0,0.0,0.0,0.0833333358168602,13702.1669921875,26063.0,0.0,0.0,13.666666666666666,-0.008741320217571532,0.1826171875,0.05387219880746367,19639,54,970.5442249742987,112.91860502585769
trace_only,Trace-only,41,12,10.0,2.0,0,0.0,0.0,0.0,33.0,13897.0,1995.4166666666667,0.0,0.0,0.0,0.0,0.0,0.1666666716337204,12321.3330078125,28081.0,0.0,0.0,13.0,-0.01069002691535085,0.19873046875,2.77214821849581,23945,56,949.947638838592,104.59050155803561
trace_only,Trace-only,42,16,14.0,2.0,5,0.75,0.5625,0.5625,120.5,15947.0,2434.3125,1.0,0.0,0.0,0.0,0.0,0.125,14206.5,29034.0,0.0,0.0,40.1875,-0.007628019227922778,0.826171875,167.31780850043629,38949,259,535.1251494688012,278.0508450176567
trace_only,Trace-only,43,12,10.0,2.0,0,1.0,1.0,0.8333333333333334,36.0,19844.666666666668,1413.5833333333333,0.0,0.0,0.0,0.0,0.0,0.1666666716337204,15250.8330078125,29635.0,0.0,0.0,14.0,-0.009957682981621474,0.2890625,0.012982651799878417,16963,54,825.0700436277469,141.27164220809937
trace_only,Trace-only,44,16,16.0,0,0,0.25,0.0625,0.0625,78.0,17686.125,1233.375,0.0,0.125,0.0,0.0,0.0,0.0,17686.125,32768.0,0.125,0.125,19.5,-0.011507305054692551,0.3603515625,0.0014249027549340099,19734,80,782.637813152226,231.372669396922
trace_only,Trace-only,45,12,12.0,0,0,0.0,0.0,0.0,44.5,16669.333333333332,1395.1666666666667,0.0,0.0,0.0,0.0,0.0,0.0,16669.333984375,31666.0,0.0,0.0,14.833333333333334,-0.007928791546873981,0.201171875,0.0015750238914430763,16742,56,896.6616688842029,144.82831652835011
trace_only,Trace-only,46,8,6.0,2.0,0,0.0,0.0,0.0,13.5,11878.125,1026.375,0.0,0.0,0.0,0.0,0.0,0.25,9909.375,24510.0,0.0,0.0,8.75,-0.02384278101089876,0.6796875,0.025211982770997565,8211,28,1099.2718858768035,49.59419111907482
trace_only,Trace-only,47,8,6.0,2.0,0,0.75,0.625,0.625,13.0,14125.625,1357.625,0.0,0.0,0.0,0.0,0.0,0.25,11720.375,30244.0,0.0,0.0,9.0,-0.025310157085186802,1.046875,0.07801586772256996,10861,28,942.1726340888183,65.51824768260121
trace_only,Trace-only,48,12,9.0,3.0,0,0.5,0.5833333333333334,0.3333333333333333,31.0,21492.75,2043.4166666666667,0.0,0.08333333333333333,0.0,0.0,0.0,0.25,16317.0,32768.0,0.0833333358168602,0.1111111119389534,14.083333333333334,-0.013764883539503595,0.251953125,2.7704607555109155,24521,61,964.4006181589876,124.71425021439791
trace_only,Trace-only,49,8,6.0,2.0,0,0.25,0.125,0.125,11.5,18660.125,1089.125,0.0,0.0,0.0,0.0,0.0,0.25,14230.625,29066.0,0.0,0.0,8.25,-0.023465558524549124,0.70703125,0.11156530385778751,8713,26,1066.4809566909328,67.36969802342355
trace_only,Trace-only,50,8,7.0,1.0,0,0.25,0.25,0.25,18.25,14818.875,1222.5,0.0,0.0,0.0,0.0,0.0,0.125,13463.5,26707.0,0.0,0.0,10.25,-0.014728738209669245,1.4140625,0.014332063656183891,9780,34,1005.7286122953332,70.93961445242167
trace_only,Trace-only,51,16,13.0,3.0,0,0.25,0.3125,0.3125,49.75,20385.5,1272.75,0.0,0.0,0.0,0.0,0.0,0.1875,17386.4375,29816.0,0.0,0.0,15.0,-0.014990285813837545,0.6796875,3.60039975865584,20364,80,1021.5457168229148,167.6552475132048
trace_only,Trace-only,52,4,4.0,0,0,0.0,0.0,0.0,8.0,11837.25,1675.5,0.0,0.0,0.0,0.0,0.0,0.0,11837.25,16227.0,0.0,0.0,8.0,-0.03452755371108651,0.41796875,0.0012357787636574358,6702,14,854.0496603880592,39.43740225210786
trace_only,Trace-only,53,12,10.0,2.0,0,0.5,0.5,0.5,30.0,16047.666666666666,2111.0833333333335,0.0,0.0,0.0,0.0,0.0,0.1666666716337204,14349.3330078125,29324.0,0.0,0.0,12.833333333333334,-0.0065844735654536635,0.21630859375,1.0292336257892505,25333,50,907.8450977408693,122.53411983698606
trace_only,Trace-only,54,8,7.0,1.0,0,0.25,0.125,0.125,17.25,17009.875,1043.125,0.0,0.0,0.0,0.0,0.0,0.125,14796.125,28543.0,0.0,0.0,9.75,-0.012612503775017103,0.57421875,0.028554480475577293,8345,30,1122.7798289212978,68.18923713080585
trace_only,Trace-only,55,12,9.0,3.0,3,0.5,0.3333333333333333,0.3333333333333333,71.5,17081.666666666668,2657.5,0.5,0.0,0.0,0.0,0.0,0.25,14264.9169921875,29914.0,0.0,0.0,26.416666666666668,-0.01578301686337606,0.4674072265625,0.014393211618880741,31890,141,349.8010429285519,308.45819982886314
trace_only,Trace-only,56,12,9.0,3.0,0,0.0,0.0,0.0,26.25,16924.333333333332,1419.3333333333333,0.0,0.0,0.0,0.0,0.0,0.25,12047.3330078125,29292.0,0.0,0.0,12.166666666666666,-0.022813610950834118,0.4189453125,0.28653356835517724,17032,54,981.9356279851193,96.39175654947758
trace_only,Trace-only,57,8,7.0,1.0,0,0.5,0.375,0.375,19.25,18949.5,1079.0,0.0,0.0,0.0,0.0,0.0,0.125,15551.625,28488.0,0.0,0.0,10.75,-0.008663965574669419,0.40625,0.0031284927754313685,8632,34,1125.166749874989,70.69663230702281
trace_only,Trace-only,58,12,9.0,3.0,0,0.25,0.3333333333333333,0.08333333333333333,29.25,18172.833333333332,1764.4166666666667,0.0,0.0,0.0,0.0,0.0,0.25,15563.3330078125,32327.0,0.0,0.0,14.0,0.006000717223893541,0.265625,0.38667386429248535,21173,55,833.920148292194,138.58581092767417
trace_only,Trace-only,59,12,9.0,3.0,0,0.25,0.16666666666666666,0.16666666666666666,28.75,14137.416666666666,1711.9166666666667,0.0,0.08333333333333333,0.0,0.0,0.0,0.25,10752.4169921875,32768.0,0.0833333358168602,0.1111111119389534,13.333333333333334,-0.0019771790466620587,0.21923828125,0.03739489225578533,20543,53,744.0215830816674,116.82053582370281
trace_only,Trace-only,60,16,14.0,2.0,0,0.0,0.0,0.0,49.0,14778.3125,1239.375,0.0,0.0625,0.0,0.0,0.0,0.125,12760.0625,32768.0,0.0625,0.0714285746216774,13.875,-0.019378540595425875,0.53515625,0.03830225974525092,19830,72,891.1326630490884,153.83511982485652
trace_only,Trace-only,61,8,7.0,1.0,0,0.25,0.25,0.25,17.25,15534.125,1595.0,0.0,0.0,0.0,0.0,0.0,0.125,13310.5,30441.0,0.0,0.0,9.5,-0.0277513544424437,0.62890625,0.5025678471574793,12760,29,957.4757374260901,73.76897109672427
trace_only,Trace-only,62,8,8.0,0,0,0.0,0.0,0.0,34.0,18269.875,1366.0,0.0,0.0,0.0,0.0,0.0,0.0,18269.875,31120.0,0.0,0.0,17.0,-0.0020513646013569087,0.07958984375,0.0013117588750901632,10928,42,754.888085461498,123.04936558008194
trace_only,Trace-only,63,12,9.0,3.0,0,0.25,0.08333333333333333,0.08333333333333333,29.75,20335.833333333332,1845.0833333333333,0.0,0.0,0.0,0.0,0.0,0.25,12692.3330078125,30574.0,0.0,0.0,14.5,-0.005457242135889828,0.1865234375,0.6385763453581603,22141,67,850.1975687991228,116.17770224809647
trace_only,Trace-only,64,8,7.0,1.0,0,0.0,0.0,0.0,22.75,13239.5,1430.125,0.0,0.0,0.0,0.0,0.0,0.125,12818.0,30488.0,0.0,0.0,12.25,-0.016093877734419948,0.3828125,5.64140466178651,11441,37,817.601342296463,83.9400529935956
trace_only,Trace-only,65,12,9.0,3.0,0,0.25,0.3333333333333333,0.3333333333333333,25.5,16748.25,1810.8333333333333,0.0,0.08333333333333333,0.0,0.0,0.0,0.25,13276.5,32768.0,0.0833333358168602,0.1111111119389534,10.916666666666666,-0.041537170589435846,1.49609375,0.2968401948407215,21730,48,1042.0485461343046,98.02518354728818
trace_only,Trace-only,66,16,13.0,3.0,0,0.25,0.125,0.125,45.25,13626.3125,1343.3125,0.0,0.0,0.0,0.0,0.0,0.1875,13087.4375,31445.0,0.0,0.0,14.25,-0.011592135420869454,0.7734375,0.04214343917919905,21493,72,802.620143028066,172.13310829550028
trace_only,Trace-only,67,8,6.0,2.0,0,0.75,0.875,0.625,14.5,9885.625,1630.0,0.0,0.0,0.0,0.0,0.0,0.25,7890.625,27330.0,0.0,0.0,9.25,-0.050685543566942215,1.3828125,27.07524147519871,13040,30,783.6910084617466,59.3435416482389
trace_only,Trace-only,68,12,9.0,3.0,0,0.25,0.16666666666666666,0.16666666666666666,29.75,16752.333333333332,1484.8333333333333,0.0,0.0,0.0,0.0,0.0,0.25,13810.5830078125,29628.0,0.0,0.0,13.666666666666666,-0.029981984931509942,0.6484375,0.8115977768660135,17818,61,979.2086814403901,107.5572571977973
trace_only,Trace-only,69,16,13.0,3.0,0,0.25,0.0625,0.0625,50.75,23024.0,1249.25,0.0,0.125,0.0,0.0,0.0,0.1875,21350.5625,32768.0,0.125,0.1538461595773697,15.125,0.008244850429036887,0.580078125,0.05529286223099916,19988,75,908.1472747188081,223.72747863270342
trace_only,Trace-only,70,8,6.0,2.0,0,0.0,0.0,0.0,14.0,11122.25,851.75,0.0,0.0,0.0,0.0,0.0,0.25,9321.75,28331.0,0.0,0.0,8.75,-0.0315704165113857,1.2109375,0.013638817952596582,6814,28,1045.0987570239718,49.8541402425617
trace_only,Trace-only,71,12,12.0,0,0,0.75,0.6666666666666666,0.6666666666666666,53.5,14911.75,1057.9166666666667,0.0,0.0,0.0,0.0,0.0,0.0,14911.75,31407.0,0.0,0.0,17.833333333333332,0.0008790345746092498,0.4052734375,0.001340371033923778,12695,58,694.7256408142504,171.99019725248218
trace_only,Trace-only,72,20,17.0,3.0,0,0.0,0.0,0.0,69.75,15994.55,1198.25,0.0,0.0,0.0,0.0,0.0,0.15000000596046448,13482.650390625,30238.0,0.0,0.0,16.3,-0.007158264487225096,0.388671875,0.03863296127365175,23965,95,801.6740298382822,221.33684439770877
trace_only,Trace-only,73,12,9.0,3.0,0,0.25,0.25,0.25,26.25,10800.333333333334,1204.8333333333333,0.0,0.0,0.0,0.0,0.0,0.25,8545.8330078125,27879.0,0.0,0.0,10.833333333333334,-0.03374475782038644,0.88671875,5.204772326008727,14458,52,982.0724231953805,74.967485351488
trace_only,Trace-only,74,12,12.0,0,0,0.5,0.3333333333333333,0.3333333333333333,42.0,18815.416666666668,917.9166666666666,0.0,0.0,0.0,0.0,0.0,0.0,18815.416015625,31093.0,0.0,0.0,14.0,-0.011294060334572956,0.37060546875,0.0016916217524946358,11015,54,1014.0530050821689,140.8550630826503
trace_only,Trace-only,75,8,5.0,3.0,0,0.0,0.0,0.0,10.25,8668.75,1156.375,0.0,0.0,0.0,0.0,0.0,0.375,5917.375,11679.0,0.0,0.0,8.0,-0.05429140871274285,1.390625,0.00557272185687907,9251,27,913.3018276705058,39.509939547628164
trace_only,Trace-only,76,8,8.0,0,0,0.0,0.0,0.0,18.0,15414.0,981.75,0.0,0.0,0.0,0.0,0.0,0.0,15414.0,26046.0,0.0,0.0,9.0,-0.002962922299047932,0.365234375,0.0018651312129804865,7854,27,1158.735545755872,70.2955909986049
trace_only,Trace-only,77,12,9.0,3.0,0,0.0,0.0,0.0,44.75,17939.166666666668,2033.8333333333333,0.0,0.08333333333333333,0.0,0.0,0.0,0.25,15981.6669921875,32768.0,0.0833333358168602,0.1111111119389534,20.666666666666668,-0.007080008004171153,0.3623046875,0.48980847899899044,24406,94,615.9655207107583,192.22423336841166
trace_only,Trace-only,78,12,9.0,3.0,0,0.25,0.6666666666666666,0.4166666666666667,30.25,13349.333333333334,1633.4166666666667,0.0,0.0,0.0,0.0,0.0,0.25,12220.5830078125,29249.0,0.0,0.0,14.333333333333334,-0.020581066065157454,0.49609375,0.30029481872043107,19601,61,878.8378975894518,108.7970833554864
trace_only,Trace-only,79,8,8.0,0,0,0.5,0.375,0.375,24.5,16804.0,1808.0,0.0,0.0,0.0,0.0,0.0,0.0,16804.0,29181.0,0.0,0.0,12.25,-0.016898673957257415,0.330078125,0.001071080598194385,14464,36,905.2272692497921,96.42661347612739
trace_only,Trace-only,80,12,10.0,2.0,0,0.5,0.25,0.25,48.0,21774.833333333332,1524.25,0.0,0.0,0.0,0.0,0.0,0.1666666716337204,16952.666015625,32457.0,0.0,0.0,17.333333333333332,-0.015104795679993307,0.2998046875,8.798548509526881,18291,70,687.3949946863772,184.01792415976524
trace_only,Trace-only,81,16,14.0,2.0,5,0.0,0.0,0.0,94.75,12790.3125,1547.875,0.75,0.0,0.0,0.0,0.0,0.125,11441.8125,27726.0,0.0,0.0,26.3125,-0.0017405866710760165,0.2333984375,0.026165985663737956,24766,131,443.7277162338953,284.86275563947856
trace_only,Trace-only,82,12,12.0,0,0,0.5,0.25,0.25,46.0,20529.0,1249.0,0.0,0.0,0.0,0.0,0.0,0.0,20529.0,30372.0,0.0,0.0,15.333333333333334,-0.013520958744872283,0.4365234375,0.0019918722124809087,14988,56,1037.4207968315889,147.51294794492424
trace_only,Trace-only,83,12,9.0,3.0,0,0.5,0.75,0.5,21.25,18937.666666666668,1365.9166666666667,0.0,0.16666666666666666,0.0,0.0,0.0,0.25,15324.6669921875,32768.0,0.1666666716337204,0.2222222238779068,9.416666666666666,-0.013211841806575345,0.48779296875,0.05433313750957799,16391,39,1163.5532898390738,98.4351133722812
trace_only,Trace-only,84,8,5.0,3.0,0,0.0,0.0,0.0,13.25,13759.0,2436.625,0.0,0.0,0.0,0.0,0.0,0.375,9713.5,31289.0,0.0,0.0,10.0,-0.040123453945852816,0.90234375,7.721379911694385,19493,33,755.140816984802,67.84098918735981
trace_only,Trace-only,85,12,12.0,0,0,0.25,0.16666666666666666,0.16666666666666666,43.5,22303.416666666668,1014.3333333333334,0.0,0.25,0.0,0.0,0.0,0.0,22303.416015625,32768.0,0.25,0.25,14.5,-0.014265453594513625,0.873046875,0.0019147511526777332,12172,53,1100.0699556899378,149.03733999095857
trace_only,Trace-only,86,8,7.0,1.0,0,0.25,0.375,0.25,14.25,9450.375,946.0,0.0,0.0,0.0,0.0,0.0,0.125,8328.375,12602.0,0.0,0.0,8.25,-0.025354626290209126,1.203125,0.004971116384695051,7568,25,949.8041180435138,53.2057074084878
trace_only,Trace-only,87,12,12.0,0,0,0.25,0.16666666666666666,0.16666666666666666,39.0,16068.666666666666,1027.5,0.0,0.0,0.0,0.0,0.0,0.0,16068.6669921875,31479.0,0.0,0.0,13.0,-0.015198959697348377,0.48828125,0.0013010666649885632,12330,46,877.91111650749,143.81068610027432
trace_only,Trace-only,88,12,10.0,2.0,0,0.0,0.0,0.0,35.5,16721.083333333332,1082.75,0.0,0.0,0.0,0.0,0.0,0.1666666716337204,13546.5830078125,30236.0,0.0,0.0,14.333333333333334,-0.01926102897414239,0.6484375,0.0066998189480121555,12993,53,739.8320231863541,144.1212284117937
trace_only,Trace-only,89,12,11.0,1.0,0,0.5,0.5833333333333334,0.5833333333333334,39.25,15805.333333333334,1370.3333333333333,0.0,0.0,0.0,0.0,0.0,0.0833333358168602,14720.0830078125,25323.0,0.0,0.0,13.833333333333334,-0.015257326905460408,0.4931640625,0.0495133780981026,16444,55,927.4536343033025,124.90004428848624
trace_only,Trace-only,90,8,8.0,0,0,0.5,0.5,0.5,17.5,14214.0,986.75,0.0,0.0,0.0,0.0,0.0,0.0,14214.0,23667.0,0.0,0.0,8.75,-0.02235058232326992,0.87890625,0.0027835438231704757,7894,27,1164.3668847567258,65.90877927280962
trace_only,Trace-only,91,12,11.0,1.0,0,0.0,0.0,0.0,45.25,22832.916666666668,1103.5833333333333,0.0,0.0,0.0,0.0,0.0,0.0833333358168602,21179.0,32090.0,0.0,0.0,15.833333333333334,-0.015760095751223464,0.35546875,0.012543373411366096,13243,65,998.5745531596464,154.8517329134047
trace_only,Trace-only,92,8,7.0,1.0,0,0.25,0.25,0.25,18.75,14986.375,1583.25,0.0,0.0,0.0,0.0,0.0,0.125,13462.5,27736.0,0.0,0.0,10.5,-0.005335836176527664,0.244140625,0.37938505066995276,12666,33,1030.2335539625246,69.03337571024895
trace_only,Trace-only,93,8,7.0,1.0,0,0.25,0.25,0.25,17.75,20285.25,973.125,0.0,0.0,0.0,0.0,0.0,0.125,18212.125,25980.0,0.0,0.0,10.0,-0.018829872584319673,0.859375,0.024880772209144197,7785,30,1212.9419163060427,74.32754923216999
trace_only,Trace-only,94,12,9.0,3.0,0,0.25,0.08333333333333333,0.08333333333333333,25.5,19990.5,1686.25,0.0,0.16666666666666666,0.0,0.0,0.0,0.25,16610.5,32768.0,0.1666666716337204,0.2222222238779068,11.833333333333334,-0.007766486014588736,0.169677734375,0.18830494162345227,20235,47,1130.0651989897242,108.16101593896747
trace_only,Trace-only,95,12,9.0,3.0,0,0.0,0.0,0.0,27.75,17136.833333333332,1988.8333333333333,0.0,0.0,0.0,0.0,0.0,0.25,13292.0830078125,30080.0,0.0,0.0,12.166666666666666,-0.009986124857581066,0.2705078125,0.39994884115973645,23866,48,867.138083153301,117.69636460766196
trace_only,Trace-only,96,12,12.0,0,5,0.0,0.0,0.0,88.25,16543.5,1396.5,0.25,0.0,0.0,0.0,0.0,0.0,16543.5,29997.0,0.0,0.0,29.416666666666668,-0.014255087986384751,0.4736328125,0.0012911440262541873,16758,103,553.7028410150735,233.60725359991193
trace_only,Trace-only,97,8,5.0,3.0,0,0.5,0.625,0.25,9.25,13271.875,1556.375,0.0,0.0,0.0,0.0,0.0,0.375,7240.75,16083.0,0.0,0.0,7.25,-0.007468898194929352,0.2353515625,0.12315803082310595,12451,24,933.6420740551509,44.40459695644677
trace_only,Trace-only,98,8,8.0,0,0,0.25,0.25,0.25,22.5,20857.875,1020.5,0.0,0.0,0.0,0.0,0.0,0.0,20857.875,27590.0,0.0,0.0,11.25,-0.011030639987438917,0.38671875,0.002386336800555,8164,32,1225.3771657809011,84.22672045975924
trace_only,Trace-only,99,8,7.0,1.0,0,0.5,0.625,0.5,22.75,16964.0,1103.625,0.0,0.0,0.0,0.0,0.0,0.125,15537.125,28121.0,0.0,0.0,12.5,-0.022601389566261787,0.89453125,0.017060211059288122,8829,40,1048.8769288017972,75.72099053673446
trace_only,Trace-only,100,12,12.0,0,0,0.0,0.0,0.0,45.0,21992.333333333332,1031.9166666666667,0.0,0.08333333333333333,0.0,0.0,0.0,0.0,21992.333984375,32768.0,0.0833333358168602,0.0833333358168602,15.0,-0.012959819232416217,0.65234375,0.0024089544925421555,12383,57,1018.4347853346165,158.88695312663913
